{"cameraMode":{"drawMode":0,"name":"Shaded","section":"Shading Mode"},"sceneLighting":false,"audioPlay":false,"sceneViewState":{"showFog":true,"showMaterialUpdate":false,"showSkybox":true,"showFlares":true,"showImageEffects":true,"showParticleSystems":true},"in2DMode":false,"pivot":{"x":13.680000305175782,"y":2.369999885559082,"z":3.5699996948242189},"rotation":{"x":-0.2529773414134979,"y":0.6582684516906738,"z":-0.2511621117591858,"w":-0.6630254983901978},"size":4.0416579246521,"orthographic":false}