{"cameraMode":{"drawMode":0,"name":"Shaded","section":"Shading Mode"},"sceneLighting":false,"audioPlay":false,"sceneViewState":{"showFog":true,"showMaterialUpdate":false,"showSkybox":true,"showFlares":true,"showImageEffects":true,"showParticleSystems":true},"in2DMode":false,"pivot":{"x":11.630000114440918,"y":-0.25999999046325686,"z":-5.119999885559082},"rotation":{"x":-0.2529773414134979,"y":0.6582684516906738,"z":-0.2511621117591858,"w":-0.6630254983901978},"size":4.041658401489258,"orthographic":false}