{"cameraMode":{"drawMode":0,"name":"Shaded","section":"Shading Mode"},"sceneLighting":false,"audioPlay":false,"sceneViewState":{"showFog":true,"showMaterialUpdate":false,"showSkybox":true,"showFlares":true,"showImageEffects":true,"showParticleSystems":true},"in2DMode":false,"pivot":{"x":-0.3065013587474823,"y":2.3223166465759279,"z":-2.411994695663452},"rotation":{"x":0.09911489486694336,"y":-0.4437946677207947,"z":0.0494646281003952,"w":0.8892557621002197},"size":0.5715764164924622,"orthographic":false}