{"cameraMode":{"drawMode":0,"name":"Shaded","section":"Shading Mode"},"sceneLighting":false,"audioPlay":false,"sceneViewState":{"showFog":true,"showMaterialUpdate":false,"showSkybox":true,"showFlares":true,"showImageEffects":true,"showParticleSystems":true},"in2DMode":false,"pivot":{"x":0.3400000333786011,"y":4.28000020980835,"z":-1.2000000476837159},"rotation":{"x":0.34831148386001589,"y":0.6484097838401794,"z":-0.4364983141422272,"w":0.5174099802970886},"size":2.8578836917877199,"orthographic":false}