{"cameraMode":{"drawMode":0,"name":"Shaded","section":"Shading Mode"},"sceneLighting":false,"audioPlay":false,"sceneViewState":{"showFog":true,"showMaterialUpdate":false,"showSkybox":true,"showFlares":true,"showImageEffects":true,"showParticleSystems":true},"in2DMode":false,"pivot":{"x":0.3400000333786011,"y":4.28000020980835,"z":-1.2000000476837159},"rotation":{"x":-0.5407643914222717,"y":-0.13492326438426972,"z":0.08837883919477463,"w":-0.825565755367279},"size":2.8578836917877199,"orthographic":false}