{"cameraMode":{"drawMode":0,"name":"Shaded","section":"Shading Mode"},"sceneLighting":false,"audioPlay":false,"sceneViewState":{"showFog":true,"showMaterialUpdate":false,"showSkybox":true,"showFlares":true,"showImageEffects":true,"showParticleSystems":true},"in2DMode":false,"pivot":{"x":1.1261084079742432,"y":-0.5170603394508362,"z":-0.707779049873352},"rotation":{"x":-0.08684097975492478,"y":0.9072360992431641,"z":-0.2315569967031479,"w":-0.3402393162250519},"size":0.5715768933296204,"orthographic":false}